book_id,title,author,genre,published_year,rating,description
101,Harry Potter and the Sorcerer's Stone,J.K. Rowling,Fantasy,1997,4.8,"A young orphaned wizard discovers his magical heritage on his eleventh birthday and attends Hogwarts School of Witchcraft and Wizardry, embarking on an epic adventure against dark forces."
102,The Hobbit,J.R.R. Tolkien,Fantasy,1937,4.7,"Bilbo Baggins, a comfortable home-loving hobbit, is persuaded by the wizard Gandalf and thirteen dwarves to journey across Middle-earth to reclaim treasure guarded by the dragon Smaug."
103,A Game of Thrones,George R.R. Martin,Fantasy,1996,4.6,"Noble families vie for control over the Iron Throne of Westeros in a brutal political and magical conflict while an ancient supernatural threat awakens in the northern wilderness."
104,The Name of the Wind,Patrick Rothfuss,Fantasy,2007,4.5,"The tale of Kvothe, an infamous wizard, musician, and adventurer, recounting his childhood in a troupe of traveling players and his education at an arcane university."
105,Dune,Frank Herbert,Science Fiction,1965,4.7,"Set on the desert planet Arrakis, young Paul Atreides must navigate political treachery, giant sandworms, and prophecy to secure the universe's most precious resource, the spice melange."
106,Foundation,Isaac Asimov,Science Fiction,1951,4.5,"Mathematician Hari Seldon develops psychohistory to predict the fall of the Galactic Empire and creates an intellectual foundation at the edge of the galaxy to preserve human civilization."
107,Neuromancer,William Gibson,Science Fiction,1984,4.4,"A washed-up computer hacker in a dystopian cyberspace future is hired by a mysterious employer for one ultimate cyber heist against an artificial intelligence."
108,The Martian,Andy Weir,Science Fiction,2011,4.6,"An astronaut stranded alone on Mars uses botanical engineering, scientific ingenuity, and humorous perseverance to survive until a rescue mission can reach him."
109,Sapiens: A Brief History of Humankind,Yuval Noah Harari,History,2011,4.6,"An accessible exploration of how Homo sapiens evolved from foraging apes into rulers of the earth through cognitive revolution, agricultural expansion, and scientific progress."
110,Guns Germs and Steel,Jared Diamond,History,1997,4.4,"A transdisciplinary historical analysis examining why Eurasian civilizations conquered others through geographical, environmental, and technological advantages rather than genetic superiority."
111,India After Gandhi,Ramachandra Guha,History,2007,4.5,"A detailed historical narrative of modern Indian democracy, conflicts, politics, cultural diversity, and nation-building following independence in 1947."
112,The Discovery of India,Jawaharlal Nehru,History,1946,4.5,"Written during imprisonment, this book traces the philosophical, cultural, artistic, and social history of India from the Indus Valley Civilization to the freedom movement."
113,Steve Jobs,Walter Isaacson,Biography,2011,4.6,"The definitive biography of the visionary Apple co-founder whose relentless passion for perfection and technological design revolutionized personal computing, music, and mobile phones."
114,Wings of Fire,A.P.J. Abdul Kalam,Biography,1999,4.8,"An inspiring autobiography of India's Missile Man and former President, chronicling his early struggles in Rameswaram, his career in ISRO and DRDO, and his vision for Indian youth."
115,The Wright Brothers,David McCullough,Biography,2015,4.5,"The dramatic story of Wilbur and Orville Wright, two bicycle mechanics from Dayton Ohio who changed the world through mechanical ingenuity and human flight."
116,The Hound of the Baskervilles,Arthur Conan Doyle,Mystery,1902,4.6,"Master detective Sherlock Holmes and Dr. John Watson investigate a supernatural ghostly hound terrorizing a wealthy family on the foggy moors of Devonshire."
117,And Then There Were None,Agatha Christie,Mystery,1939,4.7,"Ten strangers are invited to an isolated island mansion off the English coast, only to be accused of murder and systematically eliminated according to a sinister nursery rhyme."
118,The Da Vinci Code,Dan Brown,Mystery,2003,4.1,"Symbologist Robert Langdon investigates a cryptic murder in the Louvre Museum, uncovering hidden codes in Leonardo da Vinci's paintings and a centuries-old secret society."
119,Pride and Prejudice,Jane Austen,Romance,1813,4.6,"Elizabeth Bennet navigates manners, social standing, family drama, and romantic misunderstandings with the haughty and wealthy Mr. Fitzwilliam Darcy in 19th-century England."
120,Jane Eyre,Charlotte Bronte,Romance,1847,4.5,"An orphaned governess finds employment at Thornfield Hall and falls in love with the brooding Mr. Rochester, only to discover dark secrets lurking in his ancestral manor."
121,Clean Code: A Handbook of Agile Software Craftsmanship,Robert C. Martin,Programming,2008,4.7,"A classic software engineering guide for programmers on writing readable, maintainable, modular code with effective naming conventions, functions, and unit testing practices."
122,Python Crash Course,Eric Matthes,Programming,2015,4.7,"A hands-on, project-based introduction to Python programming for beginners, covering data structures, functions, web development, data visualization, and game building."
123,Introduction to Algorithms,Thomas H. Cormen,Programming,1990,4.6,"The comprehensive standard university textbook on computer algorithms, data structures, dynamic programming, graph algorithms, and computational complexity analysis."
124,Artificial Intelligence: A Modern Approach,Stuart Russell and Peter Norvig,Technology,2009,4.7,"The leading authority textbook exploring artificial intelligence fundamentals, search algorithms, knowledge representation, probabilistic reasoning, machine learning, and robotics."
125,Deep Learning,Ian Goodfellow and Yoshua Bengio,Technology,2016,4.6,"A comprehensive theoretical and practical foundation for deep learning, artificial neural networks, backpropagation, convolutional networks, sequence modeling, and generative models."
126,Natural Language Processing with Python,Steven Bird and Ewan Klein,Technology,2009,4.5,"A practical guide to analyzing natural human language text using the Python programming language and the Natural Language Toolkit NLTK library."
127,Atomic Habits,James Clear,Self Help,2018,4.8,"A proven framework for building good habits and breaking bad ones through tiny changes, 1 percent improvements, habit stacking, and behavioral psychology."
128,The Power of Now,Eckhart Tolle,Self Help,1997,4.4,"A spiritual guide to mindfulness, transcending egoic thought patterns, living in the present moment, and achieving internal peace and psychological freedom."
129,Thinking Fast and Slow,Daniel Kahneman,Self Help,2011,4.5,"Nobel laureate explores the two mental systems that drive how we think: System 1, fast and emotional; and System 2, slow, deliberate, and logical."
130,To Kill a Mockingbird,Harper Lee,Literature,1960,4.8,"Set in the American South during the Great Depression, lawyer Atticus Finch defends an innocent black man accused of rape while his young daughter Scout learns about empathy."
131,1984,George Orwell,Literature,1949,4.7,"A chilling dystopian novel depicting totalitarian government surveillance under Big Brother, psychological manipulation, propaganda, thoughtcrimes, and censorship."
132,The Great Gatsby,F. Scott Fitzgerald,Literature,1925,4.4,"A tragic portrait of the Jazz Age, decadent wealth, obsession, disillusionment, and the fleeting American Dream on Long Island through the enigmatic Jay Gatsby."
133,The Alchemist,Paulo Coelho,Literature,1988,4.5,"An inspirational philosophical story of an Andalusian shepherd boy named Santiago who journeys to the Egyptian pyramids in search of a hidden treasure and his personal legend."
134,Cosmos,Carl Sagan,Science Fiction,1980,4.8,"A poetic scientific journey through the universe, human curiosity, astronomical discoveries, the evolution of galaxies, and mankind's place in the cosmic expanse."
135,Silent Spring,Rachel Carson,Technology,1962,4.4,"A landmark environmental science book exposing the dangers of synthetic pesticides and sparking the modern ecological and conservation movement."
136,The Catcher in the Rye,J.D. Salinger,Literature,1951,4.0,"A candid coming-of-age story of teenage alienation, identity struggle, and rebellion in New York City as told by Holden Caulfield."
137,The Pragmatic Programmer,Andrew Hunt and David Thomas,Programming,1999,4.7,"Essential software career advice on clean design, debugging techniques, automated testing, continuous learning, and pragmatic software craftsmanship."
138,Designing Data-Intensive Applications,Martin Kleppmann,Technology,2017,4.8,"An in-depth guide examining storage engines, distributed consensus, data replication, streaming pipelines, and reliability in scalable modern architectures."
139,Educated,Tara Westover,Biography,2018,4.6,"A powerful memoir of a woman who leaves her isolated survivalist family in rural Idaho to pursue higher education, earning a PhD from Cambridge University."
140,The Silent Patient,Alex Michaelides,Mystery,2019,4.3,"A psychological thriller about a famous painter who inexplicably shoots her husband in the face and never speaks another word, and the psychotherapist determined to unravel her secret."
